index,chrom,start,end,strand,genomic_SCD
0,chr12,35192359,35192378,-,53.66
1,chr8,102781112,102781131,-,53.5
2,chr5,49961991,49962010,-,53.3
3,chr7,139598311,139598330,+,0.05814
4,chr8,45342919,45342938,+,0.05832
5,chr2,27771666,27771685,-,0.05875
