shuffle_parameter	ctcf_detection_threshold	mutation_method	map_score_threshold	scores_pixelwise_thresh	locus_specification	GC_content
8	8	permute_whole_seq	50	0.3	chr3,142604288,143915008	0.3618461608886719
8	8	permute_whole_seq	50	0.3	chr8,55857152,57167872	0.36181793212890623
8	8	permute_whole_seq	50	0.3	chr2,45869056,47179776	0.36168365478515624
8	8	permute_whole_seq	50	0.3	chr15,21506048,22816768	0.3616523742675781
8	8	permute_whole_seq	50	0.3	chr3,153745408,155056128	0.361614990234375
