shuffle_parameter	ctcf_detection_threshold	mutation_method	map_score_threshold	scores_pixelwise_thresh	locus_specification	GC_content
<<<<<<< HEAD
8	8	permute_whole_seq	50	0.3	chr3,142604288,143915008	0.3618461608886719
8	8	permute_whole_seq	50	0.3	chr8,55857152,57167872	0.36181793212890623
8	8	permute_whole_seq	50	0.3	chr2,45869056,47179776	0.36168365478515624
8	8	permute_whole_seq	50	0.3	chr15,21506048,22816768	0.3616523742675781
8	8	permute_whole_seq	50	0.3	chr3,153745408,155056128	0.361614990234375
=======
8	8	permute_whole_seq	60	0.2	chr14,31537152,32847872	0.3898475646972656
8	8	permute_whole_seq	60	0.2	chr1,85989376,87300096	0.41812896728515625
8	8	permute_whole_seq	60	0.2	chr10,20682752,21993472	0.44637451171875
8	8	permute_whole_seq	60	0.2	chr13,81993728,83304448	0.4746528625488281
8	8	permute_whole_seq	60	0.2	chr16,15964160,17274880	0.5029197692871094
>>>>>>> main
